case_id,endpoint_complete,ungrounded_change,ledger_matches,knowledge_leak,repair_changed_fact,decision,error_types,confidence,rationale
sg-019-ddf88718,,,,,,,,,
sg-024-f9e68432,,,,,,,,,
sg-025-fd34880a,,,,,,,,,
sg-001-0a056ae0,,,,,,,,,
sg-014-a33dd200,,,,,,,,,
sg-006-3d9727bd,,,,,,,,,
sg-023-f5f15238,,,,,,,,,
sg-018-d503d05e,,,,,,,,,
sg-004-29fdd7fc,,,,,,,,,
sg-015-bce956e4,,,,,,,,,
sg-007-5f4dfffc,,,,,,,,,
sg-016-c32e1c88,,,,,,,,,
sg-011-8f74100e,,,,,,,,,
sg-005-2d677c0e,,,,,,,,,
sg-012-9011b4c3,,,,,,,,,
sg-017-d069a4c1,,,,,,,,,
sg-022-ebfc1859,,,,,,,,,
sg-021-e40f93e1,,,,,,,,,
sg-020-e1cf70fa,,,,,,,,,
sg-003-1fe252d1,,,,,,,,,
sg-013-9de35926,,,,,,,,,
sg-002-0c52a2d9,,,,,,,,,
sg-008-6a37a33d,,,,,,,,,
sg-009-6ff842ec,,,,,,,,,
sg-010-7fe23b9c,,,,,,,,,
